[
    {
    "Customer_ID": "R2001",
    "FirstName": "Sudhanshu",
    "LastName": "Sharma",
    "Address": "12, MG Road, Sector 49",
    "City": "Noida"
    },
    {
    "Customer_ID": "R2002",
    "FirstName": "Kapil",
    "LastName": "Khanna",
    "Address": "12/5, RR Marg, Bandra",
    "City": "Mumbai"
    },
    {
    "Customer_ID": "R2003",
    "FirstName": "Megha",
    "LastName": "Raj",
    "Address": "12, T Nagar",
    "City": "Chennai"
    },
    {
    "Customer_ID": "R2004",
    "FirstName": "David",
    "LastName": "John",
    "Address": "24, George Nagar",
    "City": "Hyderabad"
    },
    {
    "Customer_ID": "R2005",
    "FirstName": "William",
    "LastName": "James",
    "Address": "6, Rao Street",
    "City": "Kolkotta"
    },
    {
    "Customer_ID": "R2006",
    "FirstName": "Raj",
    "LastName": "Sharma",
    "Address": "7, EM Road",
    "City": "Pune"
    },
    {
    "Customer_ID": "R2007",
    "FirstName": "Daniel",
    "LastName": "Jacob",
    "Address": "3 c, Ram Marg",
    "City": "Patna"
    },
    {
    "Customer_ID": "R2008",
    "FirstName": "Jardon",
    "LastName": "Jose",
    "Address": "3/5, Church Street",
    "City": "Bangalore"
    },
    {
    "Customer_ID": "R2009",
    "FirstName": "Megha",
    "LastName": "Raj",
    "Address": "12, T Nagar",
    "City": "Kochi"
    },
    {
    "Customer_ID": "R2010",
    "FirstName": "David",
    "LastName": "John",
    "Address": "24, George Nagar",
    "City": "Tiruvanandapuram"
    },
    {
    "Customer_ID": "R2011",
    "FirstName": "William",
    "LastName": "James",
    "Address": "6, Rao Street",
    "City": "Erode"
    },
    {
    "Customer_ID": "R2012",
    "FirstName": "Raj",
    "LastName": "Sharma",
    "Address": "7, EM Road",
    "City": "Vijayawada"
    },
    {
    "Customer_ID": "R2013",
    "FirstName": "Daniel",
    "LastName": "Jacob",
    "Address": "3 c, Ram Marg",
    "City": "Agra"
    },
    {
    "Customer_ID": "R2014",
    "FirstName": "Sudhanshu",
    "LastName": "Sharma",
    "Address": "12, MG Road, Sector 49",
    "City": "Nagpur"
    },
    {
    "Customer_ID": "R2015",
    "FirstName": "Kapil",
    "LastName": "Khanna",
    "Address": "12/5, RR Marg, Bandra",
    "City": "Panipat"
    },
    {
    "Customer_ID": "R2016",
    "FirstName": "Megha",
    "LastName": "Raj",
    "Address": "12, T Nagar",
    "City": "Bhuvaneshwar"
    },
    {
    "Customer_ID": "R2017",
    "FirstName": "Neeraj",
    "LastName": "Gupta",
    "Address": "7 Hills Road",
    "City": "Patna"
    },
    {
    "Customer_ID": "R2018",
    "FirstName": "Gulshan",
    "LastName": "Rai",
    "Address": "1901, 7th Avenue",
    "City": "Jaipur"
    },
    {
    "Customer_ID": "R2019",
    "FirstName": "Reema",
    "LastName": "Gupta",
    "Address": "1/14, BB Complex",
    "City": "Shimla"
    },
    {
    "Customer_ID": "R2020",
    "FirstName": "Roshan",
    "LastName": "Rai",
    "Address": "12, Pacific Avenue",
    "City": "Kochin"
    },
    {
    "Customer_ID": "R2021",
    "FirstName": "Radhika",
    "LastName": "Sharma",
    "Address": "Flat 12, Block 2",
    "City": "Mysore"
    },
    {
    "Customer_ID": "R2022",
    "FirstName": "Neeraj",
    "LastName": "Gupta",
    "Address": "7 Hills Road",
    "City": "Gandhinagar"
    },
    {
    "Customer_ID": "R2023",
    "FirstName": "Gulshan",
    "LastName": "Rai",
    "Address": "1901, 7th Avenue",
    "City": "Patna"
    },
    {
    "Customer_ID": "R2024",
    "FirstName": "Reema",
    "LastName": "Gupta",
    "Address": "1/14, BB Complex",
    "City": "Bangalore"
    },
    {
    "Customer_ID": "R2025",
    "FirstName": "Roshan",
    "LastName": "Rai",
    "Address": "12, Pacific Avenue",
    "City": "Kochi"
    },
    {
    "Customer_ID": "R2026",
    "FirstName": "Radhika",
    "LastName": "Sharma",
    "Address": "Flat 12, Block 2",
    "City": "Tiruvanandapuram"
    },
    {
    "Customer_ID": "R2027",
    "FirstName": "Neeraj",
    "LastName": "Gupta",
    "Address": "7 Hills Road",
    "City": "Erode"
    },
    {
    "Customer_ID": "R2028",
    "FirstName": "Gulshan",
    "LastName": "Rai",
    "Address": "1901, 7th Avenue",
    "City": "Vijayawada"
    },
    {
    "Customer_ID": "R2029",
    "FirstName": "Reema",
    "LastName": "Gupta",
    "Address": "1/14, BB Complex",
    "City": "Agra"
    },
    {
    "Customer_ID": "R2030",
    "FirstName": "Roshan",
    "LastName": "Rai",
    "Address": "12, Pacific Avenue",
    "City": "Nagpur"
    },
    {
    "Customer_ID": "R2031",
    "FirstName": "Radhika",
    "LastName": "Sharma",
    "Address": "Flat 12, Block 2",
    "City": "Panipat"
    },
    {
    "Customer_ID": "R2032",
    "FirstName": "Neeraj",
    "LastName": "Gupta",
    "Address": "7 Hills Road",
    "City": "Bhuvaneshwar"
    },
    {
    "Customer_ID": "R2033",
    "FirstName": "Gulshan",
    "LastName": "Rai",
    "Address": "1901, 7th Avenue",
    "City": "Patna"
    },
    {
    "Customer_ID": "R2034",
    "FirstName": "Reema",
    "LastName": "Gupta",
    "Address": "1/14, BB Complex",
    "City": "Jaipur"
    },
    {
    "Customer_ID": "R2035",
    "FirstName": "Roshan",
    "LastName": "Rai",
    "Address": "12, Pacific Avenue",
    "City": "Shimla"
    },
    {
    "Customer_ID": "R2036",
    "FirstName": "Radhika",
    "LastName": "Sharma",
    "Address": "Flat 12, Block 2",
    "City": "Kochin"
    },
    {
    "Customer_ID": "R2037",
    "FirstName": "Reema",
    "LastName": "Gupta",
    "Address": "1/14, BB Complex",
    "City": "Mysore"
    },
    {
    "Customer_ID": "R2038",
    "FirstName": "Roshan",
    "LastName": "Rai",
    "Address": "12, Pacific Avenue",
    "City": "Gandhinagar"
    },
    {
    "Customer_ID": "R2039",
    "FirstName": "Gulshan",
    "LastName": "Rai",
    "Address": "1901, 7th Avenue",
    "City": "Bhuvaneshwar"
    },
    {
    "Customer_ID": "R2040",
    "FirstName": "Reema",
    "LastName": "Gupta",
    "Address": "1/14, BB Complex",
    "City": "Patna"
    },
    {
    "Customer_ID": "R2041",
    "FirstName": "Roshan",
    "LastName": "Rai",
    "Address": "12, Pacific Avenue",
    "City": "Jaipur"
    },
    {
    "Customer_ID": "R2042",
    "FirstName": "Radhika",
    "LastName": "Sharma",
    "Address": "Flat 12, Block 2",
    "City": "Shimla"
    },
    {
    "Customer_ID": "R2043",
    "FirstName": "Neeraj",
    "LastName": "Gupta",
    "Address": "7 Hills Road",
    "City": "Kochin"
    },
    {
    "Customer_ID": "R2044",
    "FirstName": "Gulshan",
    "LastName": "Rai",
    "Address": "1901, 7th Avenue",
    "City": "Mysore"
    },
    {
    "Customer_ID": "R2045",
    "FirstName": "Reema",
    "LastName": "Gupta",
    "Address": "1/14, BB Complex",
    "City": "Gandhinagar"
    },
    {
    "Customer_ID": "R2046",
    "FirstName": "Roshan",
    "LastName": "Rai",
    "Address": "12, Pacific Avenue",
    "City": "Patna"
    },
    {
    "Customer_ID": "R2047",
    "FirstName": "Radhika",
    "LastName": "Sharma",
    "Address": "Flat 12, Block 2",
    "City": "Bangalore"
    },
    {
    "Customer_ID": "R2048",
    "FirstName": "Reema",
    "LastName": "Gupta",
    "Address": "1/14, BB Complex",
    "City": "Kochi"
    },
    {
    "Customer_ID": "R2049",
    "FirstName": "Sudhanshu",
    "LastName": "Sharma",
    "Address": "12, MG Road, Sector 49",
    "City": "Tiruvanandapuram"
    },
    {
    "Customer_ID": "R2050",
    "FirstName": "Kapil",
    "LastName": "Khanna",
    "Address": "12/5, RR Marg, Bandra",
    "City": "Erode"
    },
    {
    "Customer_ID": "R2051",
    "FirstName": "Megha",
    "LastName": "Raj",
    "Address": "12, T Nagar",
    "City": "Vijayawada"
    },
    {
    "Customer_ID": "R2052",
    "FirstName": "David",
    "LastName": "John",
    "Address": "24, George Nagar",
    "City": "Bhuvaneshwar"
    },
    {
    "Customer_ID": "R2053",
    "FirstName": "William",
    "LastName": "James",
    "Address": "6, Rao Street",
    "City": "Patna"
    },
    {
    "Customer_ID": "R2054",
    "FirstName": "Raj",
    "LastName": "Sharma",
    "Address": "7, EM Road",
    "City": "Jaipur"
    },
    {
    "Customer_ID": "R2055",
    "FirstName": "Daniel",
    "LastName": "Jacob",
    "Address": "3 c, Ram Marg",
    "City": "Shimla"
    },
    {
    "Customer_ID": "R2056",
    "FirstName": "Sudhanshu",
    "LastName": "Sharma",
    "Address": "12, MG Road, Sector 49",
    "City": "Kochin"
    },
    {
    "Customer_ID": "R2057",
    "FirstName": "Kapil",
    "LastName": "Khanna",
    "Address": "12/5, RR Marg, Bandra",
    "City": "Mysore"
    },
    {
    "Customer_ID": "R2058",
    "FirstName": "Megha",
    "LastName": "Raj",
    "Address": "12, T Nagar",
    "City": "Gandhinagar"
    },
    {
    "Customer_ID": "R2059",
    "FirstName": "Neeraj",
    "LastName": "Gupta",
    "Address": "7 Hills Road",
    "City": "Patna"
    },
    {
    "Customer_ID": "R2060",
    "FirstName": "Gulshan",
    "LastName": "Rai",
    "Address": "1901, 7th Avenue",
    "City": "Bangalore"
    },
    {
    "Customer_ID": "R2061",
    "FirstName": "Reema",
    "LastName": "Gupta",
    "Address": "1/14, BB Complex",
    "City": "Kochi"
    },
    {
    "Customer_ID": "R2062",
    "FirstName": "Roshan",
    "LastName": "Rai",
    "Address": "12, Pacific Avenue",
    "City": "Tiruvanandapuram"
    },
    {
    "Customer_ID": "R2063",
    "FirstName": "Radhika",
    "LastName": "Sharma",
    "Address": "Flat 12, Block 2",
    "City": "Erode"
    },
    {
    "Customer_ID": "R2064",
    "FirstName": "Reema",
    "LastName": "Gupta",
    "Address": "1/14, BB Complex",
    "City": "Vijayawada"
    },
    {
    "Customer_ID": "R2065",
    "FirstName": "Sudhanshu",
    "LastName": "Sharma",
    "Address": "12, MG Road, Sector 49",
    "City": "Bhuvaneshwar"
    },
    {
    "Customer_ID": "R2066",
    "FirstName": "Kapil",
    "LastName": "Khanna",
    "Address": "12/5, RR Marg, Bandra",
    "City": "Patna"
    },
    {
    "Customer_ID": "R2067",
    "FirstName": "Megha",
    "LastName": "Raj",
    "Address": "12, T Nagar",
    "City": "Jaipur"
    },
    {
    "Customer_ID": "R2068",
    "FirstName": "David",
    "LastName": "John",
    "Address": "24, George Nagar",
    "City": "Shimla"
    },
    {
    "Customer_ID": "R2069",
    "FirstName": "William",
    "LastName": "James",
    "Address": "6, Rao Street",
    "City": "Kochin"
    },
    {
    "Customer_ID": "R2070",
    "FirstName": "Raj",
    "LastName": "Sharma",
    "Address": "7, EM Road",
    "City": "Mysore"
    },
    {
    "Customer_ID": "R2071",
    "FirstName": "Daniel",
    "LastName": "Jacob",
    "Address": "3 c, Ram Marg",
    "City": "Gandhinagar"
    },
    {
    "Customer_ID": "R2072",
    "FirstName": "Reema",
    "LastName": "Gupta",
    "Address": "1/14, BB Complex",
    "City": "Patna"
    },
    {
    "Customer_ID": "R2073",
    "FirstName": "Roshan",
    "LastName": "Rai",
    "Address": "12, Pacific Avenue",
    "City": "Bangalore"
    },
    {
    "Customer_ID": "R2074",
    "FirstName": "Radhika",
    "LastName": "Sharma",
    "Address": "Flat 12, Block 2",
    "City": "Kochi"
    }
    ]