[
    {
    "Customer_ID": "R2001",
    "TypeOfOrder": "Retail",
    "OrderAmount": "3000000",
    "OrderDate": "03-04-2022",
    "DeliveryDate": "03-04-2022"
    },
    {
    "Customer_ID": "R2002",
    "TypeOfOrder": "Wholesale",
    "OrderAmount": "30000000",
    "OrderDate": "01-02-2022",
    "DeliveryDate": "01-02-2022"
    },
    {
    "Customer_ID": "R2003",
    "TypeOfOrder": "Overseas",
    "OrderAmount": "200000",
    "OrderDate": "03-04-2022",
    "DeliveryDate": "05-04-2022"
    },
    {
    "Customer_ID": "R2004",
    "TypeOfOrder": "Wholesale",
    "OrderAmount": "50000000",
    "OrderDate": "02-04-2022",
    "DeliveryDate": "06-04-2022"
    },
    {
    "Customer_ID": "R2005",
    "TypeOfOrder": "Retail",
    "OrderAmount": "4000000",
    "OrderDate": "02-02-2022",
    "DeliveryDate": "02-02-2022"
    },
    {
    "Customer_ID": "R2006",
    "TypeOfOrder": "Wholesale",
    "OrderAmount": "5000000",
    "OrderDate": "03-02-2022",
    "DeliveryDate": "05-02-2022"
    },
    {
    "Customer_ID": "R2007",
    "TypeOfOrder": "Overseas",
    "OrderAmount": "70000000",
    "OrderDate": "02-02-2022",
    "DeliveryDate": "05-02-2022"
    },
    {
    "Customer_ID": "R2008",
    "TypeOfOrder": "Wholesale",
    "OrderAmount": "6000000",
    "OrderDate": "07-04-2021",
    "DeliveryDate": "09-04-2021"
    },
    {
    "Customer_ID": "R2009",
    "TypeOfOrder": "Retail",
    "OrderAmount": "300000",
    "OrderDate": "05-04-2022",
    "DeliveryDate": "05-04-2022"
    },
    {
    "Customer_ID": "R2010",
    "TypeOfOrder": "Retail",
    "OrderAmount": "400000",
    "OrderDate": "05-04-2022",
    "DeliveryDate": "05-04-2022"
    },
    {
    "Customer_ID": "R2011",
    "TypeOfOrder": "Wholesale",
    "OrderAmount": "50000000",
    "OrderDate": "09-04-2022",
    "DeliveryDate": "12-04-2022"
    },
    {
    "Customer_ID": "R2012",
    "TypeOfOrder": "Overseas",
    "OrderAmount": "80000000",
    "OrderDate": "15-04-2022",
    "DeliveryDate": "18-04-2022"
    },
    {
    "Customer_ID": "R2013",
    "TypeOfOrder": "Wholesale",
    "OrderAmount": "30000000",
    "OrderDate": "18-04-2022",
    "DeliveryDate": "22-04-2022"
    },
    {
    "Customer_ID": "R2004",
    "TypeOfOrder": "Wholesale",
    "OrderAmount": "50000000",
    "OrderDate": "02-04-2022",
    "DeliveryDate": "06-04-2022"
    },
    {
    "Customer_ID": "R2014",
    "TypeOfOrder": "Retail",
    "OrderAmount": "400000",
    "OrderDate": "24-04-2022",
    "DeliveryDate": "24-04-2022"
    },
    {
    "Customer_ID": "R2015",
    "TypeOfOrder": "Overseas",
    "OrderAmount": "90000000",
    "OrderDate": "25-04-2020",
    "DeliveryDate": "30-04-2020"
    },
    {
    "Customer_ID": "R2016",
    "TypeOfOrder": "Wholesale",
    "OrderAmount": "5000000",
    "OrderDate": "20-04-2022",
    "DeliveryDate": "26-04-2022"
    },
    {
    "Customer_ID": "R2017",
    "TypeOfOrder": "Retail",
    "OrderAmount": "400000",
    "OrderDate": "26-04-2022",
    "DeliveryDate": "26-04-2022"
    },
    {
    "Customer_ID": "R2018",
    "TypeOfOrder": "Overseas",
    "OrderAmount": "8000000",
    "OrderDate": "28-04-2022",
    "DeliveryDate": "30-04-2022"
    },
    {
    "Customer_ID": "R2019",
    "TypeOfOrder": "Retail",
    "OrderAmount": "700000",
    "OrderDate": "29-03-2022",
    "DeliveryDate": "29-03-2022"
    },
    {
    "Customer_ID": "R2020",
    "TypeOfOrder": "Retail",
    "OrderAmount": "800000",
    "OrderDate": "30-04-2022",
    "DeliveryDate": "30-04-2022"
    },
    {
    "Customer_ID": "R2021",
    "TypeOfOrder": "Overseas",
    "OrderAmount": "40000000",
    "OrderDate": "26-04-2022",
    "DeliveryDate": "30-04-2022"
    },
    {
    "Customer_ID": "R2008",
    "TypeOfOrder": "Wholesale",
    "OrderAmount": "6000000",
    "OrderDate": "07-04-2022",
    "DeliveryDate": "09-04-2022"
    },
    {
    "Customer_ID": "R2022",
    "TypeOfOrder": "Retail",
    "OrderAmount": "400000",
    "OrderDate": "22-04-2022",
    "DeliveryDate": "22-04-2022"
    },
    {
    "Customer_ID": "R2023",
    "TypeOfOrder": "Wholesale",
    "OrderAmount": "7000000",
    "OrderDate": "23-04-2022",
    "DeliveryDate": "26-04-2022"
    },
    {
    "Customer_ID": "R2004",
    "TypeOfOrder": "Wholesale",
    "OrderAmount": "50000000",
    "OrderDate": "02-12-2021",
    "DeliveryDate": "06-12-2021"
    },
    {
    "Customer_ID": "R2024",
    "TypeOfOrder": "Overseas",
    "OrderAmount": "80000000",
    "OrderDate": "25-04-2022",
    "DeliveryDate": "28-04-2022"
    },
    {
    "Customer_ID": "R2025",
    "TypeOfOrder": "Wholesale",
    "OrderAmount": "30000000",
    "OrderDate": "28-04-2022",
    "DeliveryDate": "30-04-2022"
    },
    {
    "Customer_ID": "R2026",
    "TypeOfOrder": "Retail",
    "OrderAmount": "600000",
    "OrderDate": "18-04-2022",
    "DeliveryDate": "18-04-2022"
    },
    {
    "Customer_ID": "R2027",
    "TypeOfOrder": "Wholesale",
    "OrderAmount": "2000000",
    "OrderDate": "18-04-2022",
    "DeliveryDate": "22-04-2022"
    },
    {
    "Customer_ID": "R2002",
    "TypeOfOrder": "Wholesale",
    "OrderAmount": "30000000",
    "OrderDate": "01-02-2022",
    "DeliveryDate": "01-02-2022"
    },
    {
    "Customer_ID": "R2028",
    "TypeOfOrder": "Overseas",
    "OrderAmount": "7000000",
    "OrderDate": "26-06-2021",
    "DeliveryDate": "29-06-2021"
    },
    {
    "Customer_ID": "R2029",
    "TypeOfOrder": "Retail",
    "OrderAmount": "400000",
    "OrderDate": "29-04-2022",
    "DeliveryDate": "29-04-2022"
    },
    {
    "Customer_ID": "R2030",
    "TypeOfOrder": "Overseas",
    "OrderAmount": "8000000",
    "OrderDate": "28-04-2022",
    "DeliveryDate": "30-04-2022"
    },
    {
    "Customer_ID": "R2031",
    "TypeOfOrder": "Retail",
    "OrderAmount": "20000",
    "OrderDate": "04-05-2022",
    "DeliveryDate": "04-05-2022"
    },
    {
    "Customer_ID": "R2032",
    "TypeOfOrder": "Wholesale",
    "OrderAmount": "3000000",
    "OrderDate": "04-02-2021",
    "DeliveryDate": "07-02-2021"
    },
    {
    "Customer_ID": "R2007",
    "TypeOfOrder": "Overseas",
    "OrderAmount": "70000000",
    "OrderDate": "02-02-2022",
    "DeliveryDate": "05-02-2022"
    },
    {
    "Customer_ID": "R2028",
    "TypeOfOrder": "Overseas",
    "OrderAmount": "7000000",
    "OrderDate": "26-06-2021",
    "DeliveryDate": "29-06-2021"
    },
    {
    "Customer_ID": "R2004",
    "TypeOfOrder": "Wholesale",
    "OrderAmount": "50000000",
    "OrderDate": "02-04-2022",
    "DeliveryDate": "06-04-2022"
    },
    {
    "Customer_ID": "R2020",
    "TypeOfOrder": "Retail",
    "OrderAmount": "800000",
    "OrderDate": "30-04-2022",
    "DeliveryDate": "30-04-2022"
    },
    {
    "Customer_ID": "R2033",
    "TypeOfOrder": "Wholesale",
    "OrderAmount": "300000",
    "OrderDate": "23-05-2021",
    "DeliveryDate": "25-05-2021"
    },
    {
    "Customer_ID": "R2034",
    "TypeOfOrder": "Overseas",
    "OrderAmount": "60000000",
    "OrderDate": "29-07-2021",
    "DeliveryDate": "05-08-2021"
    },
    {
    "Customer_ID": "R2035",
    "TypeOfOrder": "Retail",
    "OrderAmount": "400000",
    "OrderDate": "23-06-2021",
    "DeliveryDate": "23-06-2021"
    },
    {
    "Customer_ID": "R2036",
    "TypeOfOrder": "Wholesale",
    "OrderAmount": "30000000",
    "OrderDate": "17-04-2022",
    "DeliveryDate": "19-04-2022"
    },
    {
    "Customer_ID": "R2037",
    "TypeOfOrder": "Overseas",
    "OrderAmount": "80000000",
    "OrderDate": "08-06-2021",
    "DeliveryDate": "18-06-2021"
    },
    {
    "Customer_ID": "R2005",
    "TypeOfOrder": "Retail",
    "OrderAmount": "200000",
    "OrderDate": "19-02-2022",
    "DeliveryDate": "19-02-2022"
    },
    {
    "Customer_ID": "R2039",
    "TypeOfOrder": "Overseas",
    "OrderAmount": "6000000",
    "OrderDate": "27-05-2021",
    "DeliveryDate": "30-05-2021"
    },
    {
    "Customer_ID": "R2040",
    "TypeOfOrder": "Wholesale",
    "OrderAmount": "200000",
    "OrderDate": "19-03-2021",
    "DeliveryDate": "25-03-2021"
    },
    {
    "Customer_ID": "R2041",
    "TypeOfOrder": "Overseas",
    "OrderAmount": "4000000",
    "OrderDate": "18-04-2022",
    "DeliveryDate": "28-04-2022"
    },
    {
    "Customer_ID": "R2042",
    "TypeOfOrder": "Retail",
    "OrderAmount": "200000",
    "OrderDate": "28-04-2022",
    "DeliveryDate": "28-04-2022"
    },
    {
    "Customer_ID": "R2033",
    "TypeOfOrder": "Wholesale",
    "OrderAmount": "300000",
    "OrderDate": "23-05-2021",
    "DeliveryDate": "25-05-2021"
    },
    {
    "Customer_ID": "R2043",
    "TypeOfOrder": "Overseas",
    "OrderAmount": "80000000",
    "OrderDate": "12-02-2021",
    "DeliveryDate": "22-02-2021"
    },
    {
    "Customer_ID": "R2044",
    "TypeOfOrder": "Wholesale",
    "OrderAmount": "2000000",
    "OrderDate": "24-04-2022",
    "DeliveryDate": "28-04-2022"
    },
    {
    "Customer_ID": "R2045",
    "TypeOfOrder": "Overseas",
    "OrderAmount": "70000000",
    "OrderDate": "04-03-2022",
    "DeliveryDate": "07-03-2022"
    },
    {
    "Customer_ID": "R2046",
    "TypeOfOrder": "Wholesale",
    "OrderAmount": "400000",
    "OrderDate": "18-07-2021",
    "DeliveryDate": "20-07-2021"
    },
    {
    "Customer_ID": "R2047",
    "TypeOfOrder": "Overseas",
    "OrderAmount": "90000000",
    "OrderDate": "09-04-2022",
    "DeliveryDate": "19-04-2022"
    },
    {
    "Customer_ID": "R2048",
    "TypeOfOrder": "Retail",
    "OrderAmount": "4000000",
    "OrderDate": "28-02-2022",
    "DeliveryDate": "28-02-2022"
    },
    {
    "Customer_ID": "R2049",
    "TypeOfOrder": "Overseas",
    "OrderAmount": "60000000",
    "OrderDate": "18-07-2021",
    "DeliveryDate": "28-07-2021"
    },
    {
    "Customer_ID": "R2011",
    "TypeOfOrder": "Wholesale",
    "OrderAmount": "5000000",
    "OrderDate": "29-07-2021",
    "DeliveryDate": "30-07-2021"
    },
    {
    "Customer_ID": "R2051",
    "TypeOfOrder": "Retail",
    "OrderAmount": "600000",
    "OrderDate": "09-09-2021",
    "DeliveryDate": "09-09-2021"
    },
    {
    "Customer_ID": "R2052",
    "TypeOfOrder": "Wholesale",
    "OrderAmount": "30000000",
    "OrderDate": "27-04-2022",
    "DeliveryDate": "29-04-2022"
    },
    {
    "Customer_ID": "R2006",
    "TypeOfOrder": "Wholesale",
    "OrderAmount": "5000000",
    "OrderDate": "03-02-2022",
    "DeliveryDate": "05-02-2022"
    },
    {
    "Customer_ID": "R2045",
    "TypeOfOrder": "Overseas",
    "OrderAmount": "70000000",
    "OrderDate": "04-03-2022",
    "DeliveryDate": "07-03-2022"
    },
    {
    "Customer_ID": "R2036",
    "TypeOfOrder": "Wholesale",
    "OrderAmount": "30000000",
    "OrderDate": "17-04-2022",
    "DeliveryDate": "19-04-2022"
    },
    {
    "Customer_ID": "R2028",
    "TypeOfOrder": "Overseas",
    "OrderAmount": "7000000",
    "OrderDate": "26-06-2021",
    "DeliveryDate": "29-06-2021"
    },
    {
    "Customer_ID": "R2042",
    "TypeOfOrder": "Retail",
    "OrderAmount": "200000",
    "OrderDate": "28-04-2022",
    "DeliveryDate": "28-04-2022"
    },
    {
    "Customer_ID": "R2053",
    "TypeOfOrder": "Wholesale",
    "OrderAmount": "7000000",
    "OrderDate": "19-07-2021",
    "DeliveryDate": "20-07-2021"
    },
    {
    "Customer_ID": "R2045",
    "TypeOfOrder": "Overseas",
    "OrderAmount": "70000000",
    "OrderDate": "04-03-2022",
    "DeliveryDate": "07-03-2022"
    },
    {
    "Customer_ID": "R2007",
    "TypeOfOrder": "Overseas",
    "OrderAmount": "70000000",
    "OrderDate": "02-02-2022",
    "DeliveryDate": "05-02-2022"
    },
    {
    "Customer_ID": "R2054",
    "TypeOfOrder": "Wholesale",
    "OrderAmount": "400000",
    "OrderDate": "12-08-2021",
    "DeliveryDate": "22-08-2021"
    },
    {
    "Customer_ID": "R2052",
    "TypeOfOrder": "Wholesale",
    "OrderAmount": "30000000",
    "OrderDate": "27-04-2022",
    "DeliveryDate": "29-04-2022"
    },
    {
    "Customer_ID": "R2032",
    "TypeOfOrder": "Wholesale",
    "OrderAmount": "3000000",
    "OrderDate": "04-02-2021",
    "DeliveryDate": "07-02-2021"
    },
    {
    "Customer_ID": "R2037",
    "TypeOfOrder": "Overseas",
    "OrderAmount": "80000000",
    "OrderDate": "08-06-2021",
    "DeliveryDate": "18-06-2021"
    },
    {
    "Customer_ID": "R2055",
    "TypeOfOrder": "Wholesale",
    "OrderAmount": "3000000",
    "OrderDate": "26-09-2021",
    "DeliveryDate": "29-09-2021"
    },
    {
    "Customer_ID": "R2044",
    "TypeOfOrder": "Wholesale",
    "OrderAmount": "2000000",
    "OrderDate": "24-04-2022",
    "DeliveryDate": "28-04-2022"
    }
    ]
