{
    "user1":{
    "userID":"USR00001",
    "name":"Andrew Grudde",
    "profilePicture":"batman.jpg",
    "statusMessage" : "We become what we think about",
    "presence" : 1
},
"user2":{
    "userID":"USR00002",
    "name":"Steve Hughes",
    "profilePicture":"fight-club.jpg",
    "statusMessage":"A postive mindset brings positive things.",
    "presence" : 2
},
"user3":{
    "userID":"USR00003",
    "name" : "Kathy Smiley",
    "profilePicture":"forrest-gump.jpg",
    "statusMessage":"One small Positive thought can change your whole day",
    "presence":3
},
"user4":{
    "userID":"USR00004",
    "name":"Steve Dunk",
    "profilePicture":"spiderman.jpg",
    "statusMessage":"I am a rock star",
    "presence":4
},
"user5":{
    "userID":"USR00005",
    "name":"Maria Dropola",
    "profilePicture":"the-departed.jpg",
    "statusMessage":"I am using Gradious messenger",
    "presence":5
}
}