﻿Employee Number,Display Name,Job Title,Department,Location,Reportees Count
1309,Nadella Manikanteshwar Rao,Team Lead,IT-Hybris,Hyderabad,49
1367,Vicky Ratnakarjee Bhemade,Software Developer,IT-Hybris,Hyderabad,0
1418,Puli Sai Bhavani,Software Engineer,IT-Hybris,Hyderabad,0
1419,Pachunuri Sai Sriram,Software Engineer,IT-Hybris,Hyderabad,0
1449,Adikey Rajeshwari,Trainee Software Engineer,IT,Hyderabad,0
1475,Gope Prashanth,Software Engineer,IT-Hybris,Hyderabad,0
1477,Kotte Nagabalaji Reddy,Software Engineer,IT-Hybris,Hyderabad,0
1482,E Dharma Teja,Software Engineer,IT-Hybris,Hyderabad,0
1484,Adithya Gonti,Software Engineer,IT-Hybris,Hyderabad,0
1505,Emani kiranchandra,Software Engineer,IT-Hybris,Hyderabad,0
1527,Gummadidala Arun kumar,Software Developer,IT-Hybris,Hyderabad,0
1545,Mamindla Sai Balaji,Associate Developer,IT-Hybris,Hyderabad,0
1543,Dussa Vishnu Vardhan,Associate Developer,IT-Hybris,Hyderabad,0
1552,Ravindra Yalla,Associate Developer,IT-Hybris,Hyderabad,0
1616,Vishnu Nalagatla,Entry level Developer,IT-Web Development /UI,Hyderabad,0
1647,C Venkatesh,Entry level Developer,IT-AEM,Hyderabad,0
1718,D Prashanth,Entry level Developer,IT-AEM,Hyderabad,0
1730,Gayam  Srinivasa Reddy,Entry level Developer,IT-Web Development /UI,Hyderabad,0
1740,Malladi Jai Prakash Sai Kiran,Entry level Developer,IT-Web Development /UI,Hyderabad,0
1789,Chitiprolu Ramesh,Trainee,IT,Hyderabad,0
1807,C Sai Krishna,Trainee,IT,Hyderabad,0
1837,Raghu Kantamsetti,Trainee,IT,Hyderabad,0
1838,Kailash Chaitankar,Trainee,IT,Hyderabad,0
1839,Jella Babu,Intern,IT,Hyderabad,0
1846,Kamana Purnima,Intern,Interns,Hyderabad,0
1847,Charan Surya Teja Goud.V,Intern,Interns,Hyderabad,0
1856,Nagaraju Kanchipati,Trainee,IT,Hyderabad,0
1857,Medisetty Babu Sai Vihari,Trainee,IT,Hyderabad,0
1859,Akula Sai Krishna,Trainee,IT,Hyderabad,0
1861,Siddem Mohan,Trainee,IT,Hyderabad,0
1862,Premkumar M,Trainee,IT,Hyderabad,0
1863,Sukumar Kommula,Trainee,IT,Hyderabad,0
1865,Raju Yadav,Trainee,IT,Hyderabad,0
1867,Allam Priyanka,Trainee,IT,Hyderabad,0
1868,Thalla Lakshmi Narayana,Trainee,IT,Hyderabad,0
1869,Ananthoju Pavan,Trainee,IT,Hyderabad,0
1870,Mohd Asghar,Trainee,IT,Hyderabad,0
1874,Ravula Vamsi Krishna,Trainee,IT,Hyderabad,0
1875,Gorantla Naidu,Trainee,IT,Hyderabad,0
1876,Vangara Harshit,Trainee,IT,Hyderabad,0
1877,Jula Nagesh,Trainee,IT,Hyderabad,0
1878,CHEVULA YASWANTH,Trainee,IT,Hyderabad,0
1884,Nayani Chandrashaker Reddy,Trainee,IT,Hyderabad,0
1889,Naikoti Shravani,Intern,Interns,Hyderabad,0
1901,Erupothu Venkata Kishor,Trainee,IT,Hyderabad,0
1909,Rohith Daram,Trainee,IT,Hyderabad,0
1910,Charan kumar Rupisetty,Trainee,Interns,Hyderabad,0
1911,Devi Varaprasad Thanniru,Trainee,Interns,Hyderabad,0
1912,Sreenivasulu Goddela,Trainee,IT,Hyderabad,0
1925,Soma Das,Intern,Interns,Hyderabad,0